{
    "40733": {
        "username": "Marwan El-Fakharany",
        "password": "marwan123",
        "age": "19",
        "gender": "Male",
        "phone": "01001788267",
        "activity": "GYM",
        "amount_to_pay": 4000,
        "paid_amount": 2000,
        "subscription_date": "2024-12-18",
        "subscription_duration": 12,
        "expiry_date": "2026-05-12",
        "active_status": "Active"
    },
    "72219": {
        "username": "Oufa",
        "password": "oufa123",
        "age": 19,
        "gender": "Male",
        "phone": "01237366499",
        "activity": "GYM",
        "amount_to_pay": 3500,
        "paid_amount": 2000,
        "subscription_date": "2024-12-01",
        "subscription_duration": 5,
        "expiry_date": "2025-04-30",
        "active_status": "Active"
    },
    "29398": {
        "username": "Sofia",
        "password": "soso",
        "age": 19,
        "gender": "Female",
        "phone": "01002377867",
        "activity": "SCOBA",
        "amount_to_pay": 4000,
        "paid_amount": 1500,
        "subscription_date": "2024-12-05",
        "subscription_duration": 12,
        "expiry_date": "2025-11-30",
        "active_status": "Active"
    },
    "61223": {
        "username": "Maryam",
        "password": "mary",
        "age": 18,
        "gender": "Female",
        "phone": "01223477238",
        "activity": "Balle",
        "amount_to_pay": 2000,
        "paid_amount": 200,
        "subscription_date": "2024-12-11",
        "subscription_duration": 5,
        "expiry_date": "2025-05-10",
        "active_status": "Active"
    },
    "99705": {
        "username": "Ahmed Metawly",
        "password": "mido",
        "age": 22,
        "gender": "Male",
        "phone": "01221299287",
        "activity": "GYM",
        "amount_to_pay": 2000,
        "paid_amount": 0,
        "subscription_date": "2024-11-30",
        "subscription_duration": 15,
        "expiry_date": "2026-02-23",
        "active_status": "Active"
    },
    "37203": {
        "username": "Mazen",
        "password": "zoz123",
        "age": 17,
        "gender": "Male",
        "phone": "01003899234",
        "activity": "GYM",
        "amount_to_pay": 3200,
        "paid_amount": 0,
        "subscription_date": "2024-05-06",
        "subscription_duration": 5,
        "expiry_date": "2024-10-03",
        "active_status": "Inactive"
    },
    "46991": {
        "username": "Karim",
        "password": "kimo89",
        "age": 22,
        "gender": "Male",
        "phone": "01238299783",
        "activity": "Cardio",
        "amount_to_pay": 2000,
        "paid_amount": 500,
        "subscription_date": "2024-12-28",
        "subscription_duration": 18,
        "expiry_date": "2026-06-21",
        "active_status": "Active"
    },
    "27932": {
        "username": "Basant",
        "password": "besu454",
        "age": 17,
        "gender": "Female",
        "phone": "01523688956",
        "activity": "GYM",
        "amount_to_pay": 2500,
        "paid_amount": 1500,
        "subscription_date": "2024-11-11",
        "subscription_duration": 24,
        "expiry_date": "2026-11-01",
        "active_status": "Active"
    },
    "18783": {
        "username": "Lamar",
        "password": "lily23",
        "age": 19,
        "gender": "Female",
        "phone": "01156555848",
        "activity": "YOGA",
        "amount_to_pay": 1600,
        "paid_amount": 500,
        "subscription_date": "2024-12-30",
        "subscription_duration": 12,
        "expiry_date": "2025-12-25",
        "active_status": "Active"
    },
    "83084": {
        "username": "Esraa",
        "password": "soso23",
        "age": 22,
        "gender": "Female",
        "phone": "01225466878",
        "activity": "GYM",
        "amount_to_pay": 1200,
        "paid_amount": 0,
        "subscription_date": "2024-12-28",
        "subscription_duration": 12,
        "expiry_date": "2025-12-23",
        "active_status": "Active"
    },
    "52187": {
        "username": "Youssef",
        "password": "yoyo2333",
        "age": 20,
        "gender": "Male",
        "phone": "01225466589",
        "activity": "GYM",
        "amount_to_pay": 8000,
        "paid_amount": 2000,
        "subscription_date": "2024-12-29",
        "subscription_duration": 48,
        "expiry_date": "2028-12-08",
        "active_status": "Active"
    },
    "76377": {
        "username": "Zayn",
        "password": "elzoz_",
        "age": 16,
        "gender": "Male",
        "phone": "01556522358",
        "activity": "GYM",
        "amount_to_pay": 600,
        "paid_amount": 0,
        "subscription_date": "2024-12-28",
        "subscription_duration": 3,
        "expiry_date": "2025-03-28",
        "active_status": "Active"
    }
}